[{"@type":"mappingTemplate","id":"@1","name":"m_DEMO_LOC_DB_TO_FF","description":"","bundleVersion":"0","templateId":"@3","deployTime":1631637458000,"hasParameters":false,"valid":true,"fixedConnection":true,"hasParametersDeployed":false,"fixedConnectionDeployed":true,"tasks":1,"mappingPreviewFileRecordId":"@2","documentType":"MAPPING","references":[{"@type":"reference","refObjectId":"@doCEFWzWJwXj0GRJxloeol","refType":"connection"},{"@type":"reference","refObjectId":"@2oeNVS457FFk3VxY8zD1ma","refType":"connection"}]}]