[{"@type":"mappingTemplate","id":"@1","name":"SALES_NORMALIZER_AGGR_RANK","description":"created mapping to use the normalizer , rank and aggregator transformation","bundleVersion":"0","templateId":"@3","deployTime":1632240214000,"hasParameters":false,"valid":true,"fixedConnection":true,"hasParametersDeployed":false,"fixedConnectionDeployed":true,"tasks":0,"mappingPreviewFileRecordId":"@2","documentType":"MAPPING","references":[{"@type":"reference","refObjectId":"@doCEFWzWJwXj0GRJxloeol","refType":"connection"}]}]