[{"@type":"mtTask","id":"@1","name":"Task_m_DEMO_DOMAIN_DB_TO_DB","description":"","errorTaskEmail":{"@type":"taskEmail","id":2758210,"emails":"beheraa2@aetna.com","emailType":"ERROR"},"successTaskEmail":{"@type":"taskEmail","id":2758213,"emails":"beheraa2@aetna.com","emailType":"SUCCESS"},"warningTaskEmail":{"@type":"taskEmail","id":2758216,"emails":"beheraa2@aetna.com","emailType":"WARNING"},"runtimeEnvironmentId":"@0jBBSDTNFTxe8lNODsGiwZ","maxLogs":10,"verbose":false,"lastRunTime":1633099445000,"mappingId":"@aBqmZMpOabifApLe0SUFkn","shortDescription":"","sessionPropertiesList":[{"name":"Allow Temporary Sequence for Pushdown","value":"NO","recommended":false},{"name":"Allow Temporary View for Pushdown","value":"NO","recommended":false},{"name":"Pushdown Optimization","value":"None","recommended":false}],"enableCrossSchemaPushdown":true,"enableParallelRun":false,"autoTunedApplied":false,"autoTunedAppliedType":"NONE","paramFileType":"PARAM_FILE_LOCAL","schemaMode":"async","parameterFileEncoding":"UTF-8","serverlessProperties":{},"taskProperties":[{"@type":"taskProperty","name":"parameterFileDir","currentValue":"","type":"STRING","label":"label.parameterFileDir","required":false},{"@type":"taskProperty","name":"parameterFileName","currentValue":"","type":"STRING","label":"label.parameterFileName","required":false}],"parameters":[{"@type":"mtTaskParameter","id":355644754,"name":"$DB_DOMAIN_SRC$","type":"EXTENDED_SOURCE","label":"DB_DOMAIN_SRC","uiProperties":{"connectionParameterized":"false","isMsrcFilterParameterized":"false","isMsrcSortParameterized":"false","objectParameterized":"false","visible":"false"},"sourceConnectionId":"@2oeNVS457FFk3VxY8zD1ma","newFlatFile":false,"newObject":false,"showBusinessNames":false,"naturalOrder":true,"truncateTarget":false,"bulkApiDBTarget":false,"customFuncCfg":{"@type":"customFuncConfig","id":-1,"connections":[],"inputMap":[],"outputFields":[]},"tgtFieldRefs":{},"targetUpdateColumns":[],"extendedObject":{"@type":"extendedObject","object":{"@type":"mObject","name":"DB_DEMO_DOMAIN_SRC","label":"DB_DEMO_DOMAIN_SRC","metadataUpdated":false,"relations":[],"children":[]},"objects":[{"@type":"mObject","name":"DB_DEMO_DOMAIN_SRC","label":"DB_DEMO_DOMAIN_SRC","metadataUpdated":false,"relations":[],"children":[]}],"filters":[],"sortFields":[]},"runtimeAttrs":{},"isRESTModernSource":true,"isFileList":false,"handleSpecialChars":false,"frsAsset":false,"dynamicFileName":false,"currentlyProcessedFileName":false,"tgtObjectAttributes":{},"runtimeParameterData":{"@type":"mtTaskRuntimeParameterData","isConnectionRuntimeParameter":false,"isObjectRuntimeParameter":false},"overriddenFields":[]},{"@type":"mtTaskParameter","id":355644757,"name":"$DB_DOMAIN_TGT$","type":"TARGET","label":"DB_DOMAIN_TGT","uiProperties":{"connectionParameterized":"false","objectParameterized":"false","visible":"false","defaultTargetUpdateColumns":"","supportApplyDDLChanges":"false"},"targetConnectionId":"@2oeNVS457FFk3VxY8zD1ma","targetObject":"DB_DEMO_DOMAIN_TGT","targetObjectLabel":"DB_DEMO_DOMAIN_TGT","newFlatFile":false,"newObject":false,"showBusinessNames":false,"naturalOrder":true,"truncateTarget":true,"bulkApiDBTarget":false,"operationType":"Insert","customFuncCfg":{"@type":"customFuncConfig","id":-1,"connections":[],"inputMap":[],"outputFields":[]},"tgtFieldRefs":{},"targetUpdateColumns":[],"extendedObject":{"@type":"extendedObject","filters":[],"sortFields":[]},"runtimeAttrs":{},"isRESTModernSource":true,"isFileList":false,"handleSpecialChars":false,"frsAsset":false,"dynamicFileName":false,"currentlyProcessedFileName":false,"objectName":"DB_DEMO_DOMAIN_TGT","objectLabel":"DB_DEMO_DOMAIN_TGT","tgtObjectAttributes":{},"runtimeParameterData":{"@type":"mtTaskRuntimeParameterData","isConnectionRuntimeParameter":false,"isObjectRuntimeParameter":false},"overriddenFields":[]}],"sequences":[],"inOutParameters":[],"connRuntimeAttrs":[]}]