[{"@type":"mtTask","id":"@1","name":"outlet_map_task","description":"","runtimeEnvironmentId":"@0jBBSDTNFTxe8lNODsGiwZ","maxLogs":10,"verbose":false,"lastRunTime":1629893282000,"mappingId":"@7Qd1kwHkFOMbWBxjkOgx8g","shortDescription":"","sessionPropertiesList":[{"name":"Allow Temporary Sequence for Pushdown","value":"NO","recommended":false},{"name":"Allow Temporary View for Pushdown","value":"NO","recommended":false},{"name":"Pushdown Optimization","value":"None","recommended":false}],"enableCrossSchemaPushdown":true,"enableParallelRun":false,"autoTunedApplied":false,"autoTunedAppliedType":"NONE","paramFileType":"PARAM_FILE_LOCAL","schemaMode":"async","parameterFileEncoding":"UTF-8","serverlessProperties":{},"taskProperties":[{"@type":"taskProperty","name":"parameterFileDir","currentValue":"","type":"STRING","label":"label.parameterFileDir","required":false},{"@type":"taskProperty","name":"parameterFileName","currentValue":"","type":"STRING","label":"label.parameterFileName","required":false}],"parameters":[{"@type":"mtTaskParameter","id":343602760,"name":"$Source$","type":"EXTENDED_SOURCE","label":"Source","uiProperties":{"connectionParameterized":"false","isMsrcFilterParameterized":"false","isMsrcSortParameterized":"false","objectParameterized":"false","visible":"false"},"sourceConnectionId":"@doCEFWzWJwXj0GRJxloeol","newFlatFile":false,"newObject":false,"showBusinessNames":false,"naturalOrder":true,"truncateTarget":false,"bulkApiDBTarget":false,"srcFFAttrs":{"@type":"flatFileAttrs","id":43356610,"delimiter":",","textQualifier":"\"","escapeChar":"","headerLineNo":1,"firstDataRow":2},"customFuncCfg":{"@type":"customFuncConfig","id":-1,"connections":[],"inputMap":[],"outputFields":[]},"tgtFieldRefs":{},"targetUpdateColumns":[],"extendedObject":{"@type":"extendedObject","object":{"@type":"mObject","name":"Outlets.csv","label":"Outlets.csv","metadataUpdated":false,"relations":[],"children":[]},"objects":[{"@type":"mObject","name":"Outlets.csv","label":"Outlets.csv","metadataUpdated":false,"relations":[],"children":[]}],"filters":[],"sortFields":[]},"runtimeAttrs":{},"isRESTModernSource":true,"isFileList":false,"handleSpecialChars":false,"frsAsset":false,"dynamicFileName":false,"currentlyProcessedFileName":false,"tgtObjectAttributes":{},"runtimeParameterData":{"@type":"mtTaskRuntimeParameterData","isConnectionRuntimeParameter":false,"isObjectRuntimeParameter":false},"overriddenFields":[]},{"@type":"mtTaskParameter","id":343602763,"name":"$Target$","type":"TARGET","label":"Target","uiProperties":{"connectionParameterized":"false","objectParameterized":"false","visible":"false","defaultTargetUpdateColumns":"","supportApplyDDLChanges":"false"},"targetConnectionId":"@doCEFWzWJwXj0GRJxloeol","targetObject":"Outlets_target.csv","targetObjectLabel":"Outlets_target.csv","newFlatFile":false,"newObject":false,"showBusinessNames":false,"naturalOrder":true,"truncateTarget":false,"bulkApiDBTarget":false,"operationType":"Insert","tgtFFAttrs":{"@type":"flatFileAttrs","id":43356613,"delimiter":",","textQualifier":"none","escapeChar":"","headerLineNo":1},"customFuncCfg":{"@type":"customFuncConfig","id":-1,"connections":[],"inputMap":[],"outputFields":[]},"tgtFieldRefs":{},"targetUpdateColumns":[],"extendedObject":{"@type":"extendedObject","filters":[],"sortFields":[]},"runtimeAttrs":{},"isRESTModernSource":true,"isFileList":false,"handleSpecialChars":false,"frsAsset":false,"dynamicFileName":false,"currentlyProcessedFileName":false,"objectName":"Outlets_target.csv","objectLabel":"Outlets_target.csv","tgtObjectAttributes":{},"runtimeParameterData":{"@type":"mtTaskRuntimeParameterData","isConnectionRuntimeParameter":false,"isObjectRuntimeParameter":false},"overriddenFields":[]}],"sequences":[],"inOutParameters":[],"connRuntimeAttrs":[]}]