[{"@type":"workflow","id":"@1","name":"TaskFlow_Demo_IICS","errorTaskEmail":{"@type":"taskEmail","id":2758657,"emails":"beheraa2@aetna.com","emailType":"ERROR"},"successTaskEmail":{"@type":"taskEmail","id":2758660,"emails":"beheraa2@aetna.com","emailType":"SUCCESS"},"warningTaskEmail":{"@type":"taskEmail","id":2758663,"emails":"beheraa2@aetna.com","emailType":"WARNING"},"maxLogs":10,"references":[{"@type":"reference","refObjectId":"@feBsfu974wfd6Z8QRJxDcA","refType":"mtTask"},{"@type":"reference","refObjectId":"@7T3jDPTdOIfdPbZqpjKhot","refType":"mtTask"},{"@type":"reference","refObjectId":"@9YTunzAqX0kb6350JXCJM1","refType":"mtTask"},{"@type":"reference","refObjectId":"@klcugPjSKeliGu2i3SFBMw","refType":"mtTask"}],"tasks":[{"@type":"workflowTask","taskId":"@feBsfu974wfd6Z8QRJxDcA","type":"MTT","name":"Task_m_DEMO_DOMAIN_DB_TO_DB","stopOnError":true,"stopOnWarning":false},{"@type":"workflowTask","taskId":"@7T3jDPTdOIfdPbZqpjKhot","type":"MTT","name":"Task_m_DEMO_DEPT_FF_TO_DB","stopOnError":true,"stopOnWarning":false},{"@type":"workflowTask","taskId":"@9YTunzAqX0kb6350JXCJM1","type":"MTT","name":"Task_m_DEMO_LOC_DB_TO_FF","stopOnError":true,"stopOnWarning":false},{"@type":"workflowTask","taskId":"@klcugPjSKeliGu2i3SFBMw","type":"MTT","name":"Task_m_DEMO_EMP_FF_TO_FF","stopOnError":true,"stopOnWarning":false}]}]