[{"@type":"mtTask","id":"@1","name":"Task_m_DEMO_DEPT_FF_TO_DB","description":"","errorTaskEmail":{"@type":"taskEmail","id":2758219,"emails":"beheraa2@aetna.com","emailType":"ERROR"},"successTaskEmail":{"@type":"taskEmail","id":2758222,"emails":"beheraa2@aetna.com","emailType":"SUCCESS"},"warningTaskEmail":{"@type":"taskEmail","id":2758225,"emails":"beheraa2@aetna.com","emailType":"WARNING"},"runtimeEnvironmentId":"@0jBBSDTNFTxe8lNODsGiwZ","maxLogs":10,"verbose":false,"lastRunTime":1633099452000,"mappingId":"@10otnn2BbYLgpGZUJXXn8c","shortDescription":"","sessionPropertiesList":[{"name":"Allow Temporary Sequence for Pushdown","value":"NO","recommended":false},{"name":"Allow Temporary View for Pushdown","value":"NO","recommended":false},{"name":"Pushdown Optimization","value":"None","recommended":false}],"enableCrossSchemaPushdown":true,"enableParallelRun":false,"autoTunedApplied":false,"autoTunedAppliedType":"NONE","paramFileType":"PARAM_FILE_LOCAL","schemaMode":"async","parameterFileEncoding":"UTF-8","serverlessProperties":{},"taskProperties":[{"@type":"taskProperty","name":"parameterFileDir","currentValue":"","type":"STRING","label":"label.parameterFileDir","required":false},{"@type":"taskProperty","name":"parameterFileName","currentValue":"","type":"STRING","label":"label.parameterFileName","required":false}],"parameters":[{"@type":"mtTaskParameter","id":355230202,"name":"$FF_DEPT_SRC$","type":"EXTENDED_SOURCE","label":"FF_DEPT_SRC","uiProperties":{"connectionParameterized":"false","isMsrcFilterParameterized":"false","isMsrcSortParameterized":"false","objectParameterized":"false","visible":"false"},"sourceConnectionId":"@doCEFWzWJwXj0GRJxloeol","newFlatFile":false,"newObject":false,"showBusinessNames":false,"naturalOrder":true,"truncateTarget":false,"bulkApiDBTarget":false,"srcFFAttrs":{"@type":"flatFileAttrs","id":44379214,"delimiter":",","textQualifier":"\"","escapeChar":"","headerLineNo":1,"firstDataRow":2},"customFuncCfg":{"@type":"customFuncConfig","id":-1,"connections":[],"inputMap":[],"outputFields":[]},"tgtFieldRefs":{},"targetUpdateColumns":[],"extendedObject":{"@type":"extendedObject","object":{"@type":"mObject","name":"FF_DEMO_DEPT_SRC.txt","label":"FF_DEMO_DEPT_SRC.txt","metadataUpdated":false,"relations":[],"children":[]},"objects":[{"@type":"mObject","name":"FF_DEMO_DEPT_SRC.txt","label":"FF_DEMO_DEPT_SRC.txt","metadataUpdated":false,"relations":[],"children":[]}],"filters":[],"sortFields":[]},"runtimeAttrs":{},"isRESTModernSource":true,"isFileList":false,"handleSpecialChars":false,"frsAsset":false,"dynamicFileName":false,"currentlyProcessedFileName":false,"tgtObjectAttributes":{},"runtimeParameterData":{"@type":"mtTaskRuntimeParameterData","isConnectionRuntimeParameter":false,"isObjectRuntimeParameter":false},"overriddenFields":[]},{"@type":"mtTaskParameter","id":355230205,"name":"$DB_DEPT_TGT$","type":"TARGET","label":"DB_DEPT_TGT","uiProperties":{"connectionParameterized":"false","objectParameterized":"false","visible":"false","defaultTargetUpdateColumns":"","supportApplyDDLChanges":"false"},"targetConnectionId":"@2oeNVS457FFk3VxY8zD1ma","targetObject":"DB_DEMO_DEPT_TGT","targetObjectLabel":"DB_DEMO_DEPT_TGT","newFlatFile":false,"newObject":false,"showBusinessNames":false,"naturalOrder":true,"truncateTarget":true,"bulkApiDBTarget":false,"operationType":"Insert","customFuncCfg":{"@type":"customFuncConfig","id":-1,"connections":[],"inputMap":[],"outputFields":[]},"tgtFieldRefs":{},"targetUpdateColumns":[],"extendedObject":{"@type":"extendedObject","filters":[],"sortFields":[]},"runtimeAttrs":{},"isRESTModernSource":true,"isFileList":false,"handleSpecialChars":false,"frsAsset":false,"dynamicFileName":false,"currentlyProcessedFileName":false,"objectName":"DB_DEMO_DEPT_TGT","objectLabel":"DB_DEMO_DEPT_TGT","tgtObjectAttributes":{},"runtimeParameterData":{"@type":"mtTaskRuntimeParameterData","isConnectionRuntimeParameter":false,"isObjectRuntimeParameter":false},"overriddenFields":[]}],"sequences":[],"inOutParameters":[],"connRuntimeAttrs":[]}]