[{"@type":"mtTask","id":"@1","name":"Task_m_DEMO_LOC_DB_TO_FF","description":"","errorTaskEmail":{"@type":"taskEmail","id":2758228,"emails":"beheraa2@aetna.com","emailType":"ERROR"},"successTaskEmail":{"@type":"taskEmail","id":2758231,"emails":"beheraa2@aetna.com","emailType":"SUCCESS"},"warningTaskEmail":{"@type":"taskEmail","id":2758234,"emails":"beheraa2@aetna.com","emailType":"WARNING"},"runtimeEnvironmentId":"@0jBBSDTNFTxe8lNODsGiwZ","maxLogs":10,"verbose":false,"lastRunTime":1633099456000,"mappingId":"@aoG3Ytx38EvcenACljlqgF","shortDescription":"","sessionPropertiesList":[{"name":"Allow Temporary Sequence for Pushdown","value":"NO","recommended":false},{"name":"Allow Temporary View for Pushdown","value":"NO","recommended":false},{"name":"Pushdown Optimization","value":"None","recommended":false}],"enableCrossSchemaPushdown":true,"enableParallelRun":false,"autoTunedApplied":false,"autoTunedAppliedType":"NONE","paramFileType":"PARAM_FILE_LOCAL","schemaMode":"async","parameterFileEncoding":"UTF-8","serverlessProperties":{},"taskProperties":[{"@type":"taskProperty","name":"parameterFileDir","currentValue":"","type":"STRING","label":"label.parameterFileDir","required":false},{"@type":"taskProperty","name":"parameterFileName","currentValue":"","type":"STRING","label":"label.parameterFileName","required":false}],"parameters":[{"@type":"mtTaskParameter","id":355230520,"name":"$DB_LOC_SRC$","type":"EXTENDED_SOURCE","label":"DB_LOC_SRC","uiProperties":{"connectionParameterized":"false","isMsrcFilterParameterized":"false","isMsrcSortParameterized":"false","objectParameterized":"false","visible":"false"},"sourceConnectionId":"@2oeNVS457FFk3VxY8zD1ma","newFlatFile":false,"newObject":false,"showBusinessNames":false,"naturalOrder":true,"truncateTarget":false,"bulkApiDBTarget":false,"customFuncCfg":{"@type":"customFuncConfig","id":-1,"connections":[],"inputMap":[],"outputFields":[]},"tgtFieldRefs":{},"targetUpdateColumns":[],"extendedObject":{"@type":"extendedObject","object":{"@type":"mObject","name":"DB_DEMO_LOC_SRC","label":"DB_DEMO_LOC_SRC","metadataUpdated":false,"relations":[],"children":[]},"objects":[{"@type":"mObject","name":"DB_DEMO_LOC_SRC","label":"DB_DEMO_LOC_SRC","metadataUpdated":false,"relations":[],"children":[]}],"filters":[],"sortFields":[]},"runtimeAttrs":{},"isRESTModernSource":true,"isFileList":false,"handleSpecialChars":false,"frsAsset":false,"dynamicFileName":false,"currentlyProcessedFileName":false,"tgtObjectAttributes":{},"runtimeParameterData":{"@type":"mtTaskRuntimeParameterData","isConnectionRuntimeParameter":false,"isObjectRuntimeParameter":false},"overriddenFields":[]},{"@type":"mtTaskParameter","id":355230523,"name":"$FF_LOC_TGT$","type":"TARGET","label":"FF_LOC_TGT","uiProperties":{"connectionParameterized":"false","objectParameterized":"false","visible":"false","defaultTargetUpdateColumns":"","supportApplyDDLChanges":"false"},"targetConnectionId":"@doCEFWzWJwXj0GRJxloeol","targetObject":"FF_DEMO_LOC_TGT.txt","targetObjectLabel":"FF_DEMO_LOC_TGT.txt","newFlatFile":false,"newObject":false,"showBusinessNames":false,"naturalOrder":true,"truncateTarget":false,"bulkApiDBTarget":false,"operationType":"Insert","tgtFFAttrs":{"@type":"flatFileAttrs","id":44379274,"delimiter":",","textQualifier":"\"","escapeChar":"","headerLineNo":1},"customFuncCfg":{"@type":"customFuncConfig","id":-1,"connections":[],"inputMap":[],"outputFields":[]},"tgtFieldRefs":{},"targetUpdateColumns":[],"extendedObject":{"@type":"extendedObject","filters":[],"sortFields":[]},"runtimeAttrs":{},"isRESTModernSource":true,"isFileList":false,"handleSpecialChars":false,"frsAsset":false,"dynamicFileName":false,"currentlyProcessedFileName":false,"objectName":"FF_DEMO_LOC_TGT.txt","objectLabel":"FF_DEMO_LOC_TGT.txt","tgtObjectAttributes":{},"runtimeParameterData":{"@type":"mtTaskRuntimeParameterData","isConnectionRuntimeParameter":false,"isObjectRuntimeParameter":false},"overriddenFields":[]}],"sequences":[],"inOutParameters":[],"connRuntimeAttrs":[]}]